标题,关联资料,关键知识点,日期,笔记模板,笔记类型,课程,重要程度
程序设计结构,Python计算及编程基础教程 (%E5%AD%A6%E4%B9%A0%E8%B5%84%E6%BA%90/Python%E8%AE%A1%E7%AE%97%E5%8F%8A%E7%BC%96%E7%A8%8B%E5%9F%BA%E7%A1%80%E6%95%99%E7%A8%8B%202b765c6c735f81479073e0b5d036f993.csv),"实际应用, 概念理解, 注意事项",2025年4月16日,"# 课程内容总结
## 主要知识点
- 事务的概念
- ACID特性详解
- 事务隔离级别
## 重点难点
- 并发事务处理
- 死锁问题
## 问题与思考
- 如何保证事务的一致性？
- 隔离级别的选择
## 复习计划
- 复习ACID特性
- 实践事务操作",阅读笔记,程序设计基础 (%E8%AF%BE%E7%A8%8B%E6%95%B0%E6%8D%AE%E5%BA%93/%E7%A8%8B%E5%BA%8F%E8%AE%BE%E8%AE%A1%E5%9F%BA%E7%A1%80%202b765c6c735f81b6a19cc80ded17430f.csv),重要
算法复杂度分析与时间效率,算法设计与分析基础 (%E5%AD%A6%E4%B9%A0%E8%B5%84%E6%BA%90/%E7%AE%97%E6%B3%95%E8%AE%BE%E8%AE%A1%E4%B8%8E%E5%88%86%E6%9E%90%E5%9F%BA%E7%A1%80%202b765c6c735f8134ba29e640a027e51a.csv),"概念理解, 解题技巧, 重要公式",2025年4月15日,"# 课程内容总结
## 主要知识点
- 算法复杂度的定义与分类
- 时间复杂度分析方法
- 常见复杂度等级
## 重点难点
- 递归算法的复杂度分析
- 不同算法效率的对比
## 问题与思考
- 如何优化算法复杂度？
- 时空复杂度的权衡
## 复习计划
- 复习常见算法的复杂度分析
- 练习递归算法分析",课堂笔记,程序设计基础 (%E8%AF%BE%E7%A8%8B%E6%95%B0%E6%8D%AE%E5%BA%93/%E7%A8%8B%E5%BA%8F%E8%AE%BE%E8%AE%A1%E5%9F%BA%E7%A1%80%202b765c6c735f81b6a19cc80ded17430f.csv),非常重要
中国近代史历史轨迹,,,2025年4月16日,,课堂笔记,中国近代史纲要 (%E8%AF%BE%E7%A8%8B%E6%95%B0%E6%8D%AE%E5%BA%93/%E4%B8%AD%E5%9B%BD%E8%BF%91%E4%BB%A3%E5%8F%B2%E7%BA%B2%E8%A6%81%202b765c6c735f81ca9673dca6ba741da8.csv),